{"cameraMode":{"drawMode":0,"name":"Shaded","section":"Shading Mode"},"sceneLighting":true,"audioPlay":false,"sceneViewState":{"showFog":true,"showMaterialUpdate":false,"showSkybox":true,"showFlares":true,"showImageEffects":true,"showParticleSystems":true},"in2DMode":false,"pivot":{"x":4.882002353668213,"y":-0.37364983558654787,"z":14.8419828414917},"rotation":{"x":-0.1293143332004547,"y":-0.3690529465675354,"z":0.051937904208898547,"w":-0.9189063906669617},"size":16.01716423034668,"orthographic":false}