{"cameraMode":{"drawMode":0,"name":"Shaded","section":"Shading Mode"},"sceneLighting":true,"audioPlay":false,"sceneViewState":{"showFog":true,"showMaterialUpdate":false,"showSkybox":true,"showFlares":true,"showImageEffects":true,"showParticleSystems":true},"in2DMode":false,"pivot":{"x":-30.134626388549806,"y":3.4941749572753908,"z":-1.1429791450500489},"rotation":{"x":0.05427399277687073,"y":-0.019161099568009378,"z":0.0010404086206108332,"w":0.9983759522438049},"size":10.042115211486817,"orthographic":false}