{"cameraMode":{"drawMode":0,"name":"Shaded","section":"Shading Mode"},"sceneLighting":true,"audioPlay":false,"sceneViewState":{"showFog":true,"showMaterialUpdate":false,"showSkybox":true,"showFlares":true,"showImageEffects":true,"showParticleSystems":true},"in2DMode":false,"pivot":{"x":-28.516735076904298,"y":5.689826965332031,"z":3.733381509780884},"rotation":{"x":-0.00842168740928173,"y":-0.5970829129219055,"z":-0.006271938793361187,"w":0.8021150231361389},"size":8.866941452026368,"orthographic":false}