{"cameraMode":{"drawMode":0,"name":"Shaded","section":"Shading Mode"},"sceneLighting":false,"audioPlay":false,"sceneViewState":{"showFog":true,"showMaterialUpdate":false,"showSkybox":false,"showFlares":true,"showImageEffects":true,"showParticleSystems":true},"in2DMode":false,"pivot":{"x":14.612448692321778,"y":-1.192981243133545,"z":-3.8480985164642336},"rotation":{"x":0.0013090540887787939,"y":0.8736196756362915,"z":0.002350409282371402,"w":-0.4866030216217041},"size":5.386607646942139,"orthographic":false}