{"cameraMode":{"drawMode":0,"name":"Shaded","section":"Shading Mode"},"sceneLighting":false,"audioPlay":false,"sceneViewState":{"showFog":true,"showMaterialUpdate":false,"showSkybox":false,"showFlares":true,"showImageEffects":true,"showParticleSystems":true},"in2DMode":false,"pivot":{"x":14.612448692321778,"y":-1.489650011062622,"z":-3.8480987548828127},"rotation":{"x":0.15749220550060273,"y":-0.6464558243751526,"z":0.13880012929439546,"w":0.7335080504417419},"size":5.711127281188965,"orthographic":false}