{"cameraMode":{"drawMode":0,"name":"Shaded","section":"Shading Mode"},"sceneLighting":true,"audioPlay":false,"sceneViewState":{"showFog":true,"showMaterialUpdate":false,"showSkybox":true,"showFlares":true,"showImageEffects":true,"showParticleSystems":true},"in2DMode":false,"pivot":{"x":1.0184661149978638,"y":4.738975524902344,"z":-2.435933828353882},"rotation":{"x":0.0368613600730896,"y":0.7257165312767029,"z":0.03900179639458656,"w":-0.6858994960784912},"size":5.386607646942139,"orthographic":false}