{"cameraMode":{"drawMode":0,"name":"Shaded","section":"Shading Mode"},"sceneLighting":false,"audioPlay":false,"sceneViewState":{"showFog":true,"showMaterialUpdate":false,"showSkybox":false,"showFlares":true,"showImageEffects":true,"showParticleSystems":true},"in2DMode":false,"pivot":{"x":13.786334037780762,"y":-3.6338486671447756,"z":-3.299389362335205},"rotation":{"x":0.597075879573822,"y":-0.34132683277130129,"z":0.31061699986457827,"w":0.6561364531517029},"size":5.540762901306152,"orthographic":false}