{"cameraMode":{"drawMode":0,"name":"Shaded","section":"Shading Mode"},"sceneLighting":false,"audioPlay":false,"sceneViewState":{"showFog":true,"showMaterialUpdate":false,"showSkybox":false,"showFlares":true,"showImageEffects":true,"showParticleSystems":true},"in2DMode":false,"pivot":{"x":13.64517879486084,"y":-1.1868594884872437,"z":-4.447005748748779},"rotation":{"x":0.0013090540887787939,"y":0.8736196756362915,"z":0.002350409282371402,"w":-0.4866030216217041},"size":5.686607837677002,"orthographic":false}